ID,GioiTinh,NamHoc,Nganh,ThoiGian,ChiPhi,CSVC1,CSVC2,CSVC3,CSVC4,CSVC5,AN1,AN2,AN3,AN4,HT1,HT2,HT3,HT4,NV1,NV2,NV3,NV4,CLDV1,CLDV2,CLDV3,CLDV4,HL1,HL2,HL3,HL4
SV001,2,4,2,1,2,,5.0,5.0,2.0,3.0,5.0,4.0,,4.0,4.0,,4.0,5.0,2.0,4.0,5.0,4.0,3.0,3.0,3.0,3.0,4.0,2.0,4.0,4.0
SV002,2,4,2,3,1,4.0,2.0,4.0,4.0,1.0,5.0,4.0,5.0,4.0,4.0,3.0,4.0,5.0,2.0,4.0,3.0,5.0,2.0,4.0,4.0,5.0,3.0,4.0,1.0,3.0
SV003,1,1,4,1,2,4.0,4.0,3.0,4.0,3.0,4.0,4.0,3.0,4.0,2.0,4.0,3.0,4.0,2.0,4.0,3.0,3.0,2.0,5.0,,5.0,4.0,4.0,5.0,3.0
SV004,2,2,2,1,1,4.0,,5.0,4.0,5.0,,3.0,3.0,3.0,4.0,2.0,4.0,4.0,5.0,5.0,4.0,5.0,5.0,5.0,4.0,3.0,3.0,4.0,3.0,4.0
SV005,1,2,4,3,1,2.0,2.0,2.0,2.0,3.0,,2.0,4.0,4.0,2.0,2.0,1.0,2.0,5.0,5.0,4.0,5.0,4.0,3.0,3.0,3.0,3.0,3.0,3.0,3.0
SV006,2,1,1,1,1,2.0,3.0,2.0,3.0,3.0,4.0,5.0,4.0,3.0,3.0,3.0,4.0,3.0,5.0,5.0,5.0,4.0,5.0,4.0,4.0,3.0,2.0,3.0,4.0,3.0
SV007,2,2,1,3,2,,3.0,3.0,3.0,3.0,5.0,3.0,,4.0,5.0,5.0,5.0,5.0,3.0,,3.0,2.0,4.0,4.0,5.0,4.0,4.0,2.0,2.0,2.0
SV008,2,4,4,2,2,4.0,4.0,4.0,2.0,2.0,4.0,3.0,,3.0,4.0,4.0,3.0,5.0,5.0,3.0,5.0,5.0,4.0,,5.0,4.0,2.0,1.0,2.0,2.0
SV009,2,1,4,1,1,3.0,4.0,2.0,4.0,2.0,4.0,2.0,3.0,5.0,2.0,2.0,4.0,3.0,4.0,4.0,4.0,4.0,4.0,3.0,4.0,4.0,4.0,5.0,3.0,4.0
SV010,1,2,1,2,2,5.0,1.0,2.0,4.0,,3.0,2.0,3.0,4.0,4.0,3.0,3.0,4.0,3.0,4.0,4.0,3.0,5.0,4.0,4.0,2.0,2.0,3.0,,4.0
SV011,2,4,5,2,2,3.0,,4.0,4.0,5.0,2.0,3.0,4.0,4.0,2.0,3.0,3.0,4.0,5.0,5.0,4.0,5.0,5.0,4.0,4.0,3.0,2.0,3.0,,2.0
SV012,2,2,1,3,1,3.0,,4.0,3.0,5.0,4.0,,4.0,4.0,,3.0,3.0,5.0,4.0,4.0,,5.0,5.0,4.0,5.0,,4.0,,3.0,5.0
SV013,2,2,5,3,2,4.0,4.0,4.0,4.0,4.0,3.0,4.0,5.0,2.0,2.0,1.0,4.0,3.0,4.0,5.0,5.0,3.0,4.0,4.0,4.0,4.0,3.0,,3.0,3.0
SV014,1,4,4,2,3,,3.0,3.0,3.0,3.0,3.0,4.0,3.0,,3.0,4.0,2.0,,4.0,3.0,5.0,5.0,5.0,3.0,3.0,3.0,3.0,3.0,1.0,2.0
SV015,1,2,5,2,1,4.0,4.0,,3.0,4.0,5.0,4.0,,3.0,5.0,3.0,4.0,4.0,4.0,4.0,4.0,2.0,4.0,5.0,4.0,3.0,3.0,4.0,,
SV016,1,1,5,1,2,4.0,3.0,2.0,3.0,3.0,5.0,5.0,3.0,3.0,4.0,4.0,5.0,4.0,3.0,2.0,3.0,3.0,3.0,3.0,3.0,3.0,2.0,2.0,2.0,4.0
SV017,1,1,2,2,1,2.0,4.0,5.0,4.0,3.0,4.0,5.0,2.0,3.0,5.0,5.0,3.0,4.0,4.0,4.0,4.0,5.0,4.0,4.0,3.0,5.0,3.0,4.0,2.0,4.0
SV018,1,4,4,3,2,3.0,,2.0,3.0,5.0,3.0,4.0,2.0,,4.0,3.0,3.0,5.0,3.0,2.0,3.0,3.0,3.0,3.0,,3.0,4.0,3.0,3.0,2.0
SV019,1,1,2,2,1,3.0,4.0,3.0,4.0,2.0,4.0,4.0,4.0,4.0,5.0,5.0,4.0,,3.0,3.0,2.0,3.0,4.0,3.0,4.0,,4.0,3.0,4.0,4.0
SV020,2,2,3,2,2,2.0,2.0,4.0,5.0,,5.0,4.0,3.0,3.0,,5.0,5.0,5.0,4.0,3.0,4.0,5.0,4.0,5.0,4.0,5.0,2.0,5.0,3.0,3.0
SV021,1,1,2,2,1,4.0,2.0,5.0,4.0,4.0,3.0,4.0,4.0,4.0,2.0,4.0,1.0,,4.0,4.0,4.0,3.0,5.0,4.0,5.0,,2.0,3.0,2.0,2.0
SV022,2,2,3,3,2,2.0,3.0,4.0,4.0,2.0,4.0,4.0,4.0,,4.0,2.0,5.0,3.0,4.0,5.0,5.0,5.0,5.0,4.0,3.0,3.0,3.0,3.0,2.0,1.0
SV023,2,4,5,3,3,3.0,4.0,5.0,4.0,4.0,4.0,2.0,3.0,4.0,4.0,4.0,5.0,4.0,5.0,,5.0,4.0,5.0,5.0,5.0,4.0,,4.0,3.0,3.0
SV024,2,2,3,1,1,3.0,3.0,4.0,3.0,3.0,3.0,4.0,4.0,,5.0,4.0,4.0,3.0,5.0,3.0,3.0,5.0,3.0,5.0,4.0,4.0,3.0,4.0,2.0,2.0
SV025,2,4,1,1,3,3.0,4.0,3.0,2.0,3.0,5.0,4.0,,5.0,,4.0,4.0,4.0,3.0,3.0,3.0,3.0,5.0,2.0,4.0,3.0,,,3.0,3.0
SV026,2,1,2,2,3,4.0,3.0,3.0,4.0,2.0,4.0,4.0,3.0,4.0,5.0,4.0,2.0,2.0,3.0,3.0,4.0,4.0,3.0,4.0,3.0,4.0,3.0,4.0,3.0,2.0
SV027,2,2,4,2,3,4.0,3.0,3.0,4.0,4.0,3.0,3.0,2.0,5.0,4.0,4.0,5.0,5.0,,2.0,,,2.0,3.0,3.0,3.0,4.0,3.0,1.0,4.0
SV028,2,4,3,2,1,5.0,4.0,3.0,4.0,4.0,,4.0,4.0,2.0,5.0,5.0,3.0,4.0,,4.0,4.0,3.0,4.0,4.0,,,4.0,4.0,4.0,3.0
SV029,2,2,3,1,2,,4.0,,4.0,4.0,4.0,5.0,5.0,5.0,5.0,5.0,4.0,4.0,4.0,4.0,3.0,5.0,5.0,4.0,5.0,4.0,2.0,,3.0,4.0
SV030,2,1,3,2,1,,4.0,3.0,4.0,3.0,5.0,5.0,4.0,4.0,4.0,5.0,4.0,4.0,2.0,4.0,2.0,3.0,5.0,3.0,4.0,3.0,3.0,5.0,3.0,
SV031,2,4,2,2,1,5.0,5.0,5.0,4.0,5.0,4.0,5.0,4.0,,3.0,4.0,4.0,4.0,,4.0,4.0,3.0,5.0,5.0,5.0,5.0,4.0,1.0,3.0,5.0
SV032,2,2,3,2,3,4.0,3.0,2.0,3.0,2.0,3.0,,3.0,3.0,2.0,4.0,2.0,2.0,3.0,4.0,4.0,3.0,,4.0,4.0,3.0,3.0,3.0,3.0,1.0
SV033,1,2,4,2,2,4.0,3.0,4.0,,3.0,,4.0,4.0,4.0,2.0,2.0,4.0,4.0,,4.0,4.0,4.0,3.0,3.0,5.0,5.0,3.0,4.0,2.0,3.0
SV034,2,4,5,2,2,3.0,4.0,3.0,5.0,5.0,4.0,3.0,3.0,2.0,4.0,3.0,3.0,4.0,5.0,3.0,4.0,4.0,5.0,4.0,3.0,5.0,2.0,3.0,4.0,2.0
SV035,2,1,4,2,1,4.0,4.0,5.0,5.0,4.0,5.0,2.0,5.0,1.0,3.0,4.0,4.0,1.0,,3.0,5.0,3.0,4.0,2.0,4.0,3.0,2.0,4.0,3.0,3.0
SV036,2,2,5,3,2,4.0,4.0,5.0,2.0,3.0,4.0,3.0,3.0,4.0,4.0,4.0,5.0,5.0,4.0,3.0,3.0,,5.0,4.0,4.0,5.0,4.0,3.0,4.0,
SV037,2,1,5,2,2,3.0,2.0,5.0,2.0,3.0,5.0,5.0,5.0,5.0,4.0,3.0,5.0,2.0,2.0,3.0,3.0,4.0,5.0,4.0,2.0,4.0,4.0,4.0,2.0,2.0
SV038,2,2,1,2,1,4.0,3.0,3.0,3.0,2.0,4.0,,4.0,5.0,3.0,4.0,5.0,4.0,4.0,4.0,5.0,3.0,2.0,3.0,,4.0,3.0,2.0,,1.0
SV039,2,1,2,2,3,3.0,2.0,,3.0,2.0,4.0,,4.0,3.0,3.0,1.0,2.0,1.0,3.0,,3.0,4.0,3.0,4.0,5.0,,3.0,4.0,3.0,2.0
SV040,2,3,2,1,1,,3.0,3.0,3.0,3.0,4.0,4.0,4.0,2.0,3.0,3.0,4.0,4.0,3.0,5.0,4.0,4.0,5.0,5.0,4.0,5.0,3.0,4.0,3.0,4.0
SV041,1,1,1,1,1,4.0,3.0,4.0,,3.0,3.0,5.0,4.0,3.0,3.0,2.0,2.0,2.0,4.0,2.0,4.0,3.0,3.0,3.0,4.0,4.0,3.0,3.0,2.0,3.0
SV042,1,3,1,2,2,3.0,3.0,,4.0,4.0,,4.0,3.0,4.0,4.0,4.0,2.0,2.0,,3.0,3.0,3.0,4.0,4.0,5.0,,5.0,4.0,4.0,3.0
SV043,1,1,4,3,3,4.0,4.0,3.0,4.0,4.0,5.0,,5.0,4.0,5.0,5.0,5.0,4.0,5.0,3.0,4.0,5.0,4.0,5.0,4.0,,5.0,4.0,3.0,4.0
SV044,1,2,2,2,1,4.0,4.0,3.0,3.0,,2.0,,4.0,4.0,3.0,4.0,4.0,3.0,2.0,4.0,5.0,5.0,5.0,4.0,4.0,3.0,3.0,4.0,1.0,1.0
SV045,1,2,1,1,1,3.0,3.0,3.0,4.0,3.0,3.0,4.0,3.0,5.0,2.0,,3.0,2.0,3.0,3.0,4.0,2.0,4.0,3.0,2.0,2.0,3.0,3.0,2.0,2.0
SV046,2,3,2,2,1,4.0,4.0,2.0,3.0,3.0,4.0,3.0,4.0,4.0,4.0,2.0,2.0,4.0,3.0,4.0,5.0,,4.0,3.0,3.0,2.0,1.0,4.0,3.0,3.0
SV047,2,2,2,1,3,4.0,3.0,3.0,4.0,4.0,5.0,3.0,3.0,4.0,4.0,4.0,3.0,2.0,4.0,4.0,3.0,4.0,4.0,4.0,5.0,5.0,4.0,3.0,3.0,3.0
SV048,1,2,1,2,1,3.0,3.0,4.0,4.0,3.0,5.0,4.0,,2.0,2.0,3.0,2.0,,,4.0,5.0,5.0,4.0,4.0,4.0,4.0,4.0,5.0,3.0,2.0
SV049,2,4,1,3,2,5.0,4.0,3.0,3.0,4.0,2.0,,4.0,4.0,4.0,5.0,5.0,4.0,3.0,4.0,4.0,4.0,3.0,4.0,4.0,4.0,3.0,4.0,3.0,4.0
SV050,1,2,4,2,3,3.0,4.0,3.0,5.0,4.0,3.0,5.0,3.0,4.0,4.0,,3.0,5.0,4.0,3.0,3.0,4.0,4.0,4.0,4.0,4.0,2.0,3.0,2.0,3.0
SV051,2,1,5,2,1,4.0,3.0,5.0,4.0,3.0,5.0,4.0,4.0,4.0,3.0,2.0,4.0,5.0,,3.0,3.0,5.0,2.0,2.0,5.0,3.0,2.0,4.0,,2.0
SV052,1,4,3,1,2,4.0,5.0,3.0,5.0,4.0,4.0,3.0,4.0,3.0,4.0,4.0,3.0,5.0,,3.0,4.0,3.0,3.0,4.0,3.0,3.0,3.0,1.0,5.0,3.0
SV053,2,2,4,2,2,4.0,2.0,3.0,2.0,4.0,5.0,4.0,5.0,4.0,3.0,3.0,3.0,4.0,4.0,4.0,4.0,5.0,,4.0,5.0,4.0,3.0,4.0,3.0,3.0
SV054,1,1,5,3,2,4.0,3.0,4.0,,3.0,3.0,4.0,5.0,4.0,4.0,5.0,,3.0,4.0,,4.0,,5.0,5.0,,5.0,5.0,3.0,4.0,3.0
SV055,2,2,5,2,1,2.0,4.0,,2.0,4.0,4.0,5.0,3.0,2.0,3.0,4.0,3.0,4.0,4.0,4.0,,4.0,2.0,3.0,5.0,4.0,3.0,4.0,2.0,2.0
SV056,1,1,1,2,1,4.0,5.0,2.0,3.0,4.0,2.0,3.0,3.0,4.0,4.0,3.0,4.0,5.0,4.0,4.0,4.0,5.0,3.0,5.0,3.0,5.0,4.0,3.0,2.0,2.0
SV057,2,1,5,2,1,3.0,4.0,3.0,4.0,2.0,3.0,5.0,3.0,3.0,3.0,4.0,2.0,4.0,4.0,2.0,3.0,3.0,4.0,5.0,4.0,3.0,3.0,2.0,2.0,2.0
SV058,1,3,1,1,2,5.0,5.0,3.0,4.0,,,5.0,4.0,5.0,3.0,2.0,2.0,3.0,3.0,4.0,3.0,4.0,5.0,4.0,4.0,3.0,4.0,3.0,5.0,4.0
SV059,2,1,1,1,2,3.0,1.0,5.0,2.0,2.0,3.0,4.0,3.0,4.0,3.0,2.0,1.0,2.0,5.0,3.0,4.0,3.0,4.0,4.0,4.0,2.0,1.0,2.0,3.0,3.0
SV060,2,3,3,1,1,2.0,3.0,3.0,3.0,3.0,3.0,5.0,5.0,4.0,3.0,2.0,1.0,3.0,,5.0,4.0,4.0,5.0,4.0,5.0,5.0,2.0,3.0,2.0,4.0
SV061,2,4,4,2,1,3.0,3.0,2.0,3.0,2.0,4.0,5.0,5.0,3.0,5.0,3.0,5.0,5.0,3.0,5.0,3.0,3.0,4.0,5.0,4.0,,3.0,3.0,1.0,3.0
SV062,2,3,1,3,3,5.0,3.0,3.0,3.0,4.0,4.0,5.0,4.0,4.0,4.0,3.0,5.0,3.0,4.0,,4.0,3.0,4.0,3.0,,5.0,4.0,3.0,3.0,3.0
SV063,2,3,2,2,1,5.0,3.0,3.0,3.0,5.0,5.0,5.0,4.0,4.0,4.0,4.0,4.0,3.0,3.0,3.0,4.0,4.0,,4.0,4.0,3.0,5.0,,2.0,1.0
SV064,1,3,2,1,1,5.0,4.0,,5.0,4.0,4.0,4.0,3.0,3.0,,,2.0,4.0,3.0,4.0,5.0,2.0,4.0,4.0,4.0,4.0,3.0,3.0,4.0,2.0
SV065,1,4,2,1,2,3.0,4.0,5.0,4.0,3.0,5.0,4.0,5.0,4.0,3.0,3.0,4.0,4.0,3.0,4.0,2.0,3.0,5.0,4.0,4.0,3.0,2.0,2.0,2.0,2.0
SV066,1,2,5,1,1,5.0,5.0,4.0,5.0,2.0,2.0,4.0,3.0,4.0,3.0,5.0,5.0,3.0,3.0,4.0,4.0,,3.0,3.0,4.0,3.0,2.0,2.0,2.0,2.0
SV067,1,1,2,3,1,3.0,4.0,2.0,3.0,3.0,5.0,5.0,4.0,2.0,3.0,3.0,3.0,5.0,4.0,3.0,3.0,4.0,4.0,5.0,3.0,3.0,3.0,3.0,,3.0
SV068,2,2,2,2,1,4.0,4.0,2.0,,3.0,3.0,4.0,5.0,3.0,3.0,4.0,3.0,4.0,4.0,4.0,3.0,4.0,4.0,4.0,3.0,5.0,3.0,,3.0,4.0
SV069,2,2,1,3,1,3.0,4.0,4.0,4.0,4.0,5.0,4.0,5.0,5.0,3.0,4.0,4.0,4.0,4.0,4.0,4.0,,5.0,4.0,5.0,5.0,5.0,5.0,,5.0
SV070,2,1,1,3,2,3.0,4.0,3.0,,5.0,2.0,3.0,2.0,3.0,2.0,4.0,3.0,3.0,,3.0,5.0,3.0,2.0,5.0,3.0,,2.0,3.0,2.0,2.0
SV071,2,3,1,1,2,2.0,4.0,2.0,4.0,4.0,4.0,4.0,4.0,4.0,2.0,2.0,2.0,,5.0,,,,3.0,,5.0,3.0,5.0,4.0,3.0,4.0
SV072,2,1,3,2,2,4.0,2.0,3.0,3.0,3.0,4.0,3.0,4.0,4.0,3.0,,4.0,,4.0,5.0,4.0,5.0,5.0,4.0,4.0,,3.0,4.0,3.0,4.0
SV073,2,4,3,3,1,4.0,5.0,3.0,4.0,2.0,5.0,4.0,4.0,4.0,4.0,4.0,3.0,5.0,2.0,3.0,2.0,3.0,4.0,4.0,4.0,3.0,2.0,5.0,2.0,3.0
SV074,2,1,3,2,2,4.0,4.0,4.0,3.0,3.0,3.0,5.0,3.0,3.0,2.0,,3.0,4.0,2.0,3.0,1.0,2.0,3.0,3.0,4.0,3.0,3.0,5.0,2.0,2.0
SV075,1,1,5,1,1,3.0,4.0,3.0,4.0,3.0,5.0,4.0,5.0,4.0,4.0,4.0,3.0,,4.0,3.0,2.0,2.0,3.0,2.0,3.0,4.0,3.0,1.0,1.0,3.0
SV076,2,1,3,3,2,4.0,5.0,3.0,3.0,3.0,3.0,4.0,4.0,5.0,2.0,2.0,3.0,2.0,5.0,2.0,3.0,3.0,4.0,5.0,4.0,4.0,3.0,1.0,2.0,2.0
SV077,2,1,1,3,1,,5.0,4.0,4.0,4.0,3.0,2.0,4.0,2.0,5.0,5.0,5.0,5.0,3.0,4.0,4.0,4.0,3.0,4.0,5.0,4.0,4.0,3.0,3.0,3.0
SV078,1,1,2,2,2,4.0,,4.0,4.0,4.0,4.0,4.0,3.0,3.0,4.0,4.0,,5.0,5.0,4.0,2.0,4.0,5.0,5.0,,4.0,5.0,5.0,3.0,
SV079,1,1,2,2,1,5.0,3.0,5.0,4.0,3.0,4.0,4.0,4.0,,4.0,4.0,4.0,2.0,5.0,5.0,4.0,5.0,4.0,4.0,5.0,3.0,3.0,2.0,4.0,1.0
SV080,2,1,5,1,1,4.0,5.0,4.0,5.0,4.0,3.0,5.0,2.0,,4.0,4.0,2.0,4.0,2.0,3.0,3.0,3.0,4.0,3.0,5.0,3.0,3.0,4.0,4.0,3.0
SV081,2,1,2,3,1,3.0,4.0,3.0,5.0,4.0,5.0,5.0,4.0,4.0,1.0,3.0,2.0,2.0,4.0,2.0,5.0,5.0,3.0,4.0,4.0,3.0,3.0,3.0,2.0,2.0
SV082,2,2,1,2,1,,3.0,2.0,4.0,2.0,5.0,4.0,5.0,3.0,3.0,2.0,3.0,2.0,5.0,5.0,3.0,5.0,4.0,3.0,4.0,4.0,3.0,2.0,1.0,
SV083,2,2,4,1,1,2.0,2.0,,2.0,3.0,2.0,3.0,4.0,3.0,2.0,2.0,5.0,4.0,4.0,4.0,3.0,3.0,4.0,4.0,4.0,,3.0,3.0,2.0,3.0
SV084,1,2,3,2,2,5.0,4.0,3.0,3.0,3.0,4.0,3.0,2.0,2.0,3.0,2.0,1.0,,,3.0,3.0,3.0,,,4.0,2.0,1.0,3.0,4.0,1.0
SV085,1,2,1,3,2,3.0,3.0,4.0,2.0,4.0,5.0,4.0,4.0,3.0,3.0,3.0,4.0,,3.0,3.0,4.0,4.0,4.0,5.0,3.0,4.0,3.0,4.0,,3.0
SV086,2,1,4,3,1,3.0,4.0,4.0,4.0,3.0,3.0,3.0,2.0,2.0,5.0,4.0,5.0,4.0,3.0,4.0,2.0,4.0,5.0,3.0,4.0,4.0,3.0,2.0,4.0,3.0
SV087,2,1,2,1,3,5.0,3.0,4.0,,4.0,2.0,3.0,3.0,2.0,2.0,3.0,2.0,3.0,5.0,4.0,5.0,4.0,,4.0,3.0,1.0,1.0,2.0,1.0,
SV088,2,1,5,1,2,5.0,5.0,,3.0,4.0,5.0,4.0,,5.0,3.0,3.0,3.0,3.0,5.0,4.0,4.0,4.0,4.0,4.0,3.0,3.0,3.0,4.0,3.0,3.0
SV089,2,3,5,3,3,4.0,5.0,4.0,4.0,3.0,3.0,4.0,4.0,4.0,4.0,3.0,4.0,3.0,5.0,5.0,5.0,5.0,4.0,4.0,5.0,5.0,3.0,3.0,2.0,2.0
SV090,1,4,2,3,2,4.0,4.0,5.0,3.0,3.0,4.0,4.0,4.0,4.0,5.0,4.0,5.0,5.0,4.0,2.0,,4.0,5.0,3.0,4.0,4.0,5.0,,3.0,3.0
SV091,2,4,3,2,2,4.0,4.0,4.0,4.0,5.0,,4.0,,2.0,2.0,2.0,4.0,3.0,5.0,4.0,,5.0,,3.0,3.0,2.0,3.0,2.0,2.0,2.0
SV092,1,2,3,2,2,4.0,3.0,4.0,2.0,4.0,4.0,5.0,3.0,4.0,4.0,5.0,4.0,5.0,4.0,2.0,4.0,3.0,,4.0,5.0,4.0,4.0,2.0,2.0,3.0
SV093,1,2,4,2,2,5.0,4.0,5.0,4.0,3.0,3.0,3.0,5.0,3.0,5.0,4.0,5.0,,5.0,4.0,4.0,,4.0,4.0,4.0,4.0,4.0,4.0,5.0,4.0
SV094,1,2,1,2,3,4.0,3.0,4.0,4.0,5.0,3.0,3.0,4.0,4.0,4.0,2.0,2.0,2.0,4.0,5.0,3.0,,2.0,5.0,2.0,,1.0,3.0,2.0,2.0
SV095,1,3,2,1,1,3.0,2.0,2.0,4.0,3.0,5.0,4.0,4.0,4.0,2.0,3.0,2.0,4.0,4.0,5.0,3.0,3.0,3.0,3.0,4.0,3.0,3.0,2.0,4.0,1.0
SV096,2,3,1,1,1,4.0,4.0,2.0,3.0,3.0,3.0,2.0,2.0,4.0,3.0,3.0,3.0,3.0,3.0,4.0,5.0,5.0,4.0,3.0,4.0,4.0,3.0,4.0,2.0,4.0
SV097,1,4,4,1,1,2.0,3.0,3.0,3.0,,5.0,4.0,2.0,4.0,,5.0,2.0,3.0,,5.0,5.0,3.0,4.0,5.0,5.0,4.0,4.0,5.0,5.0,4.0
SV098,1,4,1,3,3,4.0,3.0,4.0,,4.0,3.0,4.0,3.0,3.0,4.0,4.0,4.0,5.0,4.0,4.0,4.0,5.0,4.0,4.0,4.0,4.0,,3.0,3.0,3.0
SV099,2,2,3,1,1,4.0,3.0,,3.0,4.0,3.0,3.0,4.0,3.0,2.0,4.0,3.0,3.0,,4.0,3.0,2.0,3.0,4.0,3.0,4.0,4.0,5.0,4.0,4.0
SV100,2,3,4,1,2,1.0,4.0,4.0,2.0,3.0,4.0,5.0,4.0,5.0,2.0,,2.0,3.0,5.0,,5.0,4.0,4.0,5.0,3.0,4.0,4.0,1.0,3.0,4.0
SV101,1,3,5,2,2,2.0,5.0,2.0,4.0,3.0,5.0,3.0,,2.0,2.0,,4.0,4.0,,3.0,3.0,3.0,3.0,4.0,4.0,3.0,4.0,4.0,3.0,4.0
SV102,1,2,2,1,3,4.0,5.0,4.0,3.0,4.0,3.0,4.0,4.0,,3.0,3.0,2.0,4.0,4.0,5.0,2.0,3.0,4.0,4.0,3.0,5.0,5.0,3.0,4.0,3.0
SV103,1,4,1,1,1,4.0,5.0,3.0,3.0,2.0,3.0,3.0,3.0,3.0,5.0,5.0,5.0,,4.0,3.0,4.0,5.0,,5.0,5.0,4.0,5.0,5.0,4.0,2.0
SV104,2,1,4,2,2,,3.0,3.0,3.0,4.0,4.0,3.0,5.0,4.0,2.0,4.0,3.0,4.0,4.0,3.0,5.0,2.0,3.0,,4.0,3.0,1.0,2.0,2.0,2.0
SV105,1,4,1,2,3,3.0,3.0,5.0,3.0,2.0,4.0,3.0,2.0,4.0,3.0,2.0,4.0,3.0,,4.0,5.0,4.0,3.0,4.0,4.0,4.0,,3.0,2.0,2.0
SV106,1,3,1,2,1,5.0,,3.0,3.0,4.0,4.0,3.0,4.0,3.0,5.0,3.0,4.0,3.0,3.0,4.0,3.0,3.0,4.0,4.0,4.0,4.0,2.0,3.0,,5.0
SV107,1,1,5,3,2,2.0,3.0,3.0,3.0,2.0,4.0,4.0,4.0,5.0,3.0,2.0,5.0,5.0,3.0,3.0,3.0,5.0,3.0,4.0,4.0,4.0,4.0,3.0,3.0,2.0
SV108,2,3,5,1,1,3.0,4.0,3.0,3.0,3.0,4.0,4.0,5.0,3.0,3.0,4.0,4.0,3.0,4.0,,3.0,4.0,,4.0,4.0,4.0,3.0,5.0,,2.0
SV109,1,1,4,3,2,4.0,4.0,2.0,5.0,,2.0,4.0,4.0,,2.0,2.0,3.0,1.0,2.0,3.0,3.0,2.0,4.0,4.0,4.0,4.0,3.0,3.0,3.0,2.0
SV110,2,3,5,3,2,2.0,2.0,2.0,3.0,2.0,4.0,2.0,3.0,4.0,3.0,4.0,4.0,4.0,5.0,5.0,4.0,4.0,2.0,5.0,4.0,5.0,,5.0,3.0,2.0
SV111,1,3,1,3,1,4.0,3.0,5.0,,5.0,4.0,2.0,5.0,3.0,3.0,2.0,2.0,4.0,3.0,,4.0,5.0,4.0,4.0,4.0,4.0,4.0,3.0,4.0,3.0
SV112,2,3,1,2,1,3.0,3.0,,4.0,5.0,5.0,4.0,4.0,3.0,3.0,3.0,,4.0,4.0,3.0,4.0,4.0,5.0,4.0,2.0,4.0,2.0,4.0,1.0,2.0
SV113,1,4,2,2,1,4.0,4.0,3.0,2.0,3.0,4.0,2.0,3.0,3.0,3.0,2.0,3.0,4.0,3.0,5.0,,3.0,3.0,3.0,4.0,3.0,2.0,,2.0,3.0
SV114,1,1,1,2,1,2.0,,4.0,3.0,3.0,2.0,4.0,3.0,3.0,4.0,3.0,4.0,2.0,2.0,3.0,4.0,4.0,5.0,4.0,4.0,4.0,3.0,3.0,3.0,2.0
SV115,1,1,5,2,2,5.0,5.0,5.0,4.0,4.0,4.0,2.0,3.0,3.0,4.0,3.0,4.0,3.0,3.0,2.0,3.0,3.0,3.0,3.0,,4.0,4.0,2.0,3.0,4.0
SV116,2,2,1,1,1,3.0,2.0,4.0,5.0,,5.0,5.0,5.0,4.0,,3.0,2.0,1.0,3.0,4.0,5.0,4.0,4.0,5.0,3.0,5.0,3.0,5.0,3.0,2.0
SV117,2,1,3,3,1,5.0,5.0,3.0,3.0,3.0,4.0,2.0,4.0,2.0,4.0,5.0,3.0,5.0,4.0,4.0,3.0,2.0,5.0,5.0,4.0,5.0,4.0,4.0,,5.0
SV118,1,2,5,2,2,4.0,,3.0,3.0,3.0,3.0,4.0,3.0,4.0,3.0,4.0,4.0,3.0,2.0,4.0,4.0,3.0,4.0,4.0,3.0,3.0,1.0,1.0,3.0,3.0
SV119,1,1,4,3,2,5.0,3.0,4.0,4.0,3.0,3.0,5.0,4.0,4.0,4.0,4.0,3.0,2.0,3.0,3.0,4.0,5.0,3.0,5.0,5.0,4.0,4.0,2.0,3.0,3.0
SV120,2,2,2,2,2,3.0,3.0,3.0,4.0,4.0,5.0,2.0,5.0,4.0,4.0,4.0,,5.0,4.0,3.0,4.0,4.0,3.0,3.0,3.0,4.0,2.0,2.0,2.0,2.0
SV121,2,2,3,1,3,3.0,4.0,2.0,3.0,4.0,3.0,4.0,4.0,5.0,,2.0,3.0,4.0,3.0,4.0,5.0,4.0,5.0,3.0,3.0,3.0,2.0,4.0,3.0,2.0
SV122,1,4,3,2,1,,4.0,,4.0,4.0,4.0,3.0,5.0,4.0,4.0,3.0,,4.0,2.0,4.0,,4.0,3.0,4.0,4.0,3.0,2.0,4.0,2.0,
SV123,1,1,4,2,2,3.0,3.0,3.0,5.0,2.0,5.0,4.0,5.0,3.0,3.0,2.0,4.0,4.0,,3.0,3.0,5.0,5.0,4.0,3.0,2.0,2.0,3.0,4.0,3.0
SV124,2,4,3,2,1,4.0,5.0,3.0,4.0,5.0,3.0,4.0,4.0,4.0,4.0,3.0,3.0,4.0,3.0,4.0,4.0,4.0,4.0,4.0,3.0,3.0,3.0,3.0,2.0,
SV125,2,2,2,1,2,4.0,2.0,4.0,5.0,3.0,5.0,4.0,5.0,4.0,,3.0,4.0,4.0,3.0,,2.0,4.0,4.0,3.0,5.0,5.0,3.0,4.0,3.0,2.0
SV126,2,2,4,1,3,5.0,4.0,4.0,4.0,3.0,5.0,4.0,5.0,5.0,,2.0,3.0,2.0,3.0,2.0,2.0,2.0,3.0,5.0,5.0,3.0,3.0,3.0,4.0,
SV127,2,2,5,2,2,4.0,,5.0,4.0,5.0,4.0,4.0,4.0,3.0,3.0,5.0,4.0,4.0,,4.0,3.0,4.0,4.0,5.0,5.0,5.0,3.0,3.0,2.0,2.0
SV128,2,2,3,2,2,,3.0,2.0,3.0,3.0,3.0,1.0,4.0,1.0,3.0,4.0,4.0,5.0,4.0,4.0,5.0,4.0,3.0,,4.0,4.0,3.0,4.0,3.0,3.0
SV129,1,1,1,3,2,,3.0,4.0,5.0,3.0,4.0,5.0,5.0,4.0,4.0,2.0,3.0,4.0,3.0,4.0,,3.0,4.0,5.0,4.0,4.0,5.0,3.0,3.0,2.0
SV130,2,2,3,1,1,,4.0,3.0,2.0,2.0,3.0,3.0,3.0,4.0,2.0,3.0,2.0,2.0,4.0,3.0,5.0,4.0,3.0,3.0,3.0,1.0,1.0,3.0,3.0,2.0
SV131,1,1,5,1,2,2.0,4.0,,4.0,3.0,4.0,2.0,3.0,4.0,4.0,4.0,,4.0,4.0,3.0,,5.0,4.0,3.0,3.0,4.0,3.0,3.0,2.0,2.0
SV132,1,2,5,1,2,3.0,4.0,3.0,2.0,2.0,4.0,5.0,,5.0,5.0,5.0,5.0,5.0,5.0,4.0,4.0,4.0,4.0,4.0,4.0,5.0,3.0,3.0,2.0,3.0
SV133,1,2,3,2,3,4.0,5.0,5.0,,3.0,3.0,3.0,3.0,4.0,3.0,3.0,4.0,,2.0,3.0,3.0,3.0,3.0,5.0,,5.0,2.0,2.0,,2.0
SV134,1,2,1,2,1,5.0,4.0,,4.0,,4.0,4.0,3.0,4.0,2.0,2.0,,2.0,5.0,5.0,4.0,4.0,4.0,,3.0,4.0,3.0,4.0,3.0,3.0
SV135,2,3,3,2,1,3.0,3.0,3.0,2.0,3.0,,4.0,3.0,4.0,4.0,4.0,4.0,3.0,3.0,5.0,4.0,3.0,3.0,3.0,4.0,2.0,3.0,3.0,3.0,2.0
SV136,1,1,5,3,2,4.0,3.0,3.0,3.0,3.0,4.0,3.0,3.0,4.0,,4.0,3.0,3.0,4.0,5.0,4.0,5.0,5.0,,5.0,3.0,4.0,4.0,4.0,4.0
SV137,1,4,5,1,1,4.0,,3.0,4.0,2.0,,4.0,4.0,5.0,3.0,4.0,,4.0,3.0,4.0,3.0,5.0,4.0,5.0,5.0,3.0,4.0,3.0,4.0,3.0
SV138,2,3,1,2,1,,4.0,3.0,4.0,,4.0,4.0,3.0,5.0,4.0,3.0,3.0,2.0,3.0,4.0,2.0,4.0,4.0,3.0,5.0,5.0,,3.0,4.0,3.0
SV139,2,4,2,1,1,5.0,4.0,4.0,5.0,2.0,4.0,5.0,4.0,4.0,,4.0,5.0,3.0,2.0,3.0,2.0,1.0,4.0,4.0,3.0,5.0,3.0,4.0,2.0,3.0
SV140,2,4,3,1,2,5.0,5.0,,5.0,5.0,3.0,3.0,3.0,3.0,5.0,4.0,4.0,4.0,2.0,,1.0,3.0,4.0,4.0,3.0,4.0,4.0,3.0,3.0,4.0
SV141,2,1,1,2,1,4.0,4.0,4.0,4.0,3.0,2.0,,,2.0,4.0,3.0,2.0,4.0,3.0,3.0,5.0,4.0,3.0,4.0,5.0,4.0,,2.0,2.0,3.0
SV142,2,2,5,1,1,3.0,3.0,4.0,3.0,3.0,4.0,3.0,4.0,,4.0,4.0,5.0,5.0,3.0,5.0,4.0,5.0,2.0,4.0,2.0,4.0,3.0,3.0,2.0,2.0
SV143,1,1,1,2,1,,4.0,2.0,3.0,3.0,3.0,3.0,4.0,3.0,3.0,4.0,5.0,4.0,4.0,4.0,,4.0,4.0,2.0,3.0,2.0,3.0,1.0,1.0,1.0
SV144,2,3,4,2,3,5.0,4.0,,4.0,4.0,,5.0,5.0,4.0,3.0,4.0,3.0,5.0,3.0,4.0,3.0,5.0,4.0,5.0,2.0,4.0,2.0,4.0,3.0,3.0
SV145,2,3,5,2,2,4.0,4.0,,3.0,2.0,5.0,4.0,,3.0,4.0,3.0,4.0,5.0,3.0,2.0,4.0,3.0,3.0,4.0,3.0,4.0,3.0,2.0,3.0,2.0
SV146,1,1,4,2,1,3.0,4.0,3.0,3.0,4.0,5.0,3.0,4.0,3.0,2.0,,5.0,3.0,4.0,5.0,3.0,4.0,5.0,5.0,3.0,3.0,4.0,3.0,3.0,3.0
SV147,1,4,4,2,1,4.0,3.0,3.0,5.0,3.0,3.0,3.0,4.0,,4.0,5.0,4.0,2.0,4.0,,3.0,5.0,4.0,4.0,4.0,3.0,3.0,3.0,2.0,2.0
SV148,1,1,2,2,2,4.0,4.0,4.0,3.0,2.0,4.0,3.0,3.0,5.0,3.0,1.0,3.0,3.0,4.0,4.0,3.0,3.0,3.0,,3.0,3.0,5.0,3.0,2.0,3.0
SV149,2,2,5,1,1,5.0,4.0,4.0,5.0,5.0,4.0,3.0,4.0,4.0,5.0,5.0,4.0,5.0,4.0,4.0,4.0,5.0,4.0,5.0,5.0,,4.0,4.0,5.0,4.0
SV150,1,3,3,1,2,3.0,5.0,5.0,3.0,2.0,3.0,3.0,3.0,,3.0,3.0,4.0,5.0,2.0,3.0,4.0,,5.0,4.0,5.0,5.0,1.0,,3.0,
SV151,1,1,1,2,1,3.0,,3.0,5.0,4.0,5.0,5.0,5.0,5.0,4.0,5.0,5.0,4.0,3.0,4.0,5.0,4.0,3.0,3.0,5.0,4.0,4.0,3.0,,2.0
SV152,2,3,2,3,3,3.0,2.0,3.0,2.0,3.0,5.0,3.0,5.0,4.0,3.0,3.0,2.0,5.0,3.0,5.0,5.0,4.0,4.0,4.0,3.0,4.0,3.0,,4.0,4.0
SV153,2,3,2,1,1,1.0,3.0,2.0,2.0,3.0,5.0,5.0,5.0,5.0,5.0,3.0,5.0,3.0,5.0,4.0,4.0,3.0,4.0,4.0,5.0,4.0,4.0,4.0,5.0,2.0
SV154,1,1,3,2,2,4.0,5.0,4.0,,3.0,5.0,1.0,4.0,2.0,3.0,3.0,4.0,3.0,5.0,3.0,5.0,5.0,5.0,2.0,4.0,4.0,3.0,3.0,3.0,3.0
SV155,2,2,2,3,1,,4.0,4.0,4.0,4.0,3.0,4.0,4.0,5.0,5.0,4.0,4.0,4.0,3.0,4.0,3.0,4.0,5.0,4.0,4.0,4.0,3.0,4.0,1.0,2.0
SV156,1,1,3,3,3,5.0,5.0,5.0,3.0,3.0,3.0,3.0,3.0,4.0,3.0,4.0,3.0,5.0,4.0,4.0,3.0,5.0,4.0,3.0,5.0,4.0,4.0,4.0,5.0,2.0
SV157,2,3,3,2,3,5.0,4.0,5.0,3.0,3.0,3.0,3.0,,4.0,3.0,3.0,3.0,4.0,3.0,3.0,3.0,3.0,5.0,4.0,4.0,4.0,4.0,,1.0,3.0
SV158,2,1,2,2,2,4.0,3.0,5.0,2.0,3.0,4.0,4.0,3.0,5.0,4.0,2.0,3.0,5.0,,2.0,3.0,3.0,4.0,5.0,4.0,4.0,2.0,3.0,3.0,2.0
SV159,1,4,4,2,1,3.0,4.0,,4.0,3.0,1.0,2.0,3.0,2.0,4.0,3.0,5.0,3.0,4.0,,3.0,4.0,3.0,3.0,3.0,3.0,3.0,2.0,1.0,2.0
SV160,2,4,2,3,1,3.0,2.0,3.0,3.0,3.0,3.0,1.0,1.0,3.0,4.0,5.0,4.0,4.0,3.0,3.0,2.0,4.0,3.0,3.0,4.0,,3.0,3.0,2.0,2.0
SV161,2,1,4,1,2,4.0,3.0,,2.0,4.0,3.0,4.0,2.0,4.0,3.0,2.0,2.0,3.0,5.0,2.0,3.0,4.0,2.0,3.0,2.0,2.0,3.0,4.0,3.0,3.0
SV162,2,2,2,3,2,3.0,4.0,3.0,4.0,3.0,3.0,3.0,,1.0,4.0,5.0,3.0,2.0,,4.0,4.0,,4.0,3.0,3.0,3.0,2.0,3.0,1.0,1.0
SV163,2,3,5,1,1,4.0,5.0,5.0,4.0,5.0,4.0,3.0,3.0,4.0,3.0,2.0,3.0,1.0,5.0,5.0,5.0,3.0,4.0,4.0,4.0,5.0,3.0,1.0,3.0,3.0
SV164,2,3,2,3,1,4.0,3.0,3.0,4.0,3.0,4.0,3.0,4.0,,4.0,3.0,3.0,,4.0,3.0,2.0,,4.0,3.0,2.0,2.0,2.0,4.0,4.0,3.0
SV165,1,2,1,1,1,4.0,5.0,4.0,4.0,,4.0,2.0,3.0,5.0,3.0,4.0,4.0,,4.0,4.0,3.0,3.0,2.0,3.0,2.0,5.0,2.0,4.0,2.0,4.0
SV166,2,1,1,1,2,2.0,3.0,4.0,4.0,3.0,4.0,4.0,5.0,2.0,2.0,2.0,1.0,2.0,5.0,5.0,4.0,4.0,4.0,4.0,3.0,3.0,,2.0,1.0,3.0
SV167,2,1,5,1,2,3.0,4.0,5.0,5.0,4.0,4.0,5.0,5.0,5.0,4.0,4.0,2.0,2.0,4.0,5.0,5.0,4.0,5.0,5.0,5.0,5.0,3.0,5.0,4.0,2.0
SV168,2,4,5,2,2,5.0,4.0,4.0,3.0,3.0,,4.0,4.0,4.0,4.0,4.0,4.0,4.0,5.0,5.0,4.0,5.0,5.0,5.0,5.0,5.0,3.0,4.0,3.0,4.0
SV169,1,2,2,1,2,4.0,3.0,3.0,3.0,4.0,2.0,2.0,4.0,3.0,2.0,4.0,4.0,3.0,5.0,2.0,4.0,5.0,4.0,5.0,4.0,3.0,2.0,3.0,2.0,2.0
SV170,2,4,4,1,1,3.0,4.0,5.0,4.0,4.0,4.0,4.0,4.0,3.0,2.0,2.0,,1.0,3.0,4.0,3.0,1.0,4.0,3.0,2.0,2.0,1.0,3.0,1.0,2.0
SV171,1,2,3,2,1,3.0,3.0,4.0,3.0,2.0,3.0,4.0,3.0,3.0,2.0,5.0,3.0,5.0,4.0,4.0,4.0,5.0,4.0,3.0,4.0,3.0,3.0,2.0,3.0,2.0
SV172,2,4,1,2,1,4.0,3.0,4.0,4.0,2.0,3.0,,3.0,3.0,,5.0,4.0,5.0,5.0,5.0,3.0,3.0,3.0,3.0,3.0,,2.0,2.0,2.0,2.0
SV173,1,1,3,3,2,,3.0,3.0,4.0,3.0,3.0,4.0,4.0,2.0,4.0,3.0,4.0,3.0,3.0,3.0,3.0,4.0,4.0,3.0,3.0,4.0,3.0,3.0,2.0,5.0
SV174,2,1,4,3,1,2.0,4.0,3.0,2.0,2.0,3.0,1.0,3.0,3.0,3.0,4.0,3.0,3.0,5.0,,4.0,,4.0,4.0,,2.0,2.0,2.0,2.0,2.0
SV175,2,4,5,2,1,,,3.0,3.0,3.0,2.0,4.0,2.0,3.0,4.0,4.0,4.0,4.0,4.0,4.0,3.0,5.0,4.0,3.0,4.0,4.0,2.0,3.0,3.0,2.0
SV176,2,4,5,1,1,4.0,3.0,3.0,4.0,4.0,4.0,3.0,3.0,2.0,1.0,4.0,4.0,3.0,4.0,5.0,4.0,,2.0,3.0,,2.0,3.0,3.0,1.0,2.0
SV177,2,2,1,1,1,4.0,3.0,3.0,5.0,3.0,,3.0,4.0,4.0,5.0,5.0,5.0,5.0,3.0,,3.0,4.0,4.0,4.0,5.0,4.0,4.0,5.0,4.0,2.0
SV178,1,2,2,3,2,4.0,4.0,3.0,4.0,2.0,5.0,4.0,3.0,5.0,4.0,3.0,4.0,3.0,3.0,5.0,5.0,,5.0,4.0,5.0,5.0,4.0,4.0,4.0,4.0
SV179,2,2,3,1,1,3.0,5.0,3.0,3.0,5.0,3.0,3.0,3.0,3.0,4.0,4.0,2.0,4.0,4.0,4.0,4.0,4.0,3.0,3.0,4.0,4.0,4.0,2.0,3.0,3.0
SV180,2,2,1,2,1,4.0,4.0,3.0,2.0,4.0,3.0,,5.0,4.0,4.0,3.0,4.0,3.0,,4.0,5.0,5.0,5.0,4.0,,3.0,,2.0,2.0,2.0
SV181,1,1,3,3,2,5.0,5.0,5.0,3.0,4.0,3.0,4.0,3.0,4.0,4.0,3.0,5.0,3.0,4.0,4.0,5.0,4.0,4.0,4.0,,3.0,1.0,3.0,2.0,1.0
SV182,1,4,1,3,1,4.0,4.0,4.0,4.0,3.0,,4.0,5.0,5.0,4.0,,3.0,5.0,5.0,4.0,4.0,5.0,4.0,5.0,5.0,2.0,3.0,3.0,3.0,3.0
SV183,1,1,1,2,1,4.0,4.0,4.0,3.0,3.0,3.0,4.0,5.0,3.0,,,4.0,4.0,4.0,4.0,4.0,5.0,2.0,5.0,3.0,3.0,3.0,3.0,2.0,3.0
SV184,2,3,1,2,1,4.0,3.0,3.0,4.0,3.0,,2.0,4.0,2.0,3.0,3.0,3.0,3.0,4.0,5.0,5.0,4.0,4.0,,5.0,5.0,3.0,5.0,4.0,2.0
SV185,2,1,2,2,2,3.0,5.0,4.0,5.0,4.0,5.0,3.0,5.0,4.0,2.0,3.0,,2.0,,5.0,4.0,5.0,5.0,5.0,4.0,4.0,,3.0,3.0,4.0
SV186,2,1,4,3,1,4.0,4.0,5.0,4.0,4.0,4.0,4.0,4.0,4.0,2.0,3.0,3.0,3.0,4.0,5.0,5.0,4.0,3.0,5.0,4.0,3.0,3.0,,3.0,3.0
SV187,1,3,1,1,2,5.0,5.0,,4.0,4.0,3.0,2.0,3.0,2.0,3.0,4.0,5.0,4.0,5.0,3.0,3.0,3.0,3.0,4.0,3.0,2.0,5.0,4.0,2.0,2.0
SV188,2,2,5,1,3,3.0,2.0,2.0,3.0,2.0,4.0,4.0,4.0,2.0,5.0,5.0,5.0,5.0,4.0,2.0,4.0,4.0,3.0,4.0,4.0,3.0,3.0,3.0,4.0,2.0
SV189,1,3,2,2,2,2.0,3.0,3.0,2.0,2.0,4.0,3.0,3.0,3.0,3.0,3.0,4.0,2.0,4.0,4.0,4.0,4.0,5.0,4.0,5.0,5.0,3.0,5.0,,4.0
SV190,2,1,1,1,1,4.0,,5.0,5.0,4.0,3.0,4.0,4.0,4.0,4.0,5.0,,4.0,4.0,4.0,4.0,2.0,4.0,5.0,3.0,5.0,3.0,3.0,4.0,2.0
SV191,1,4,2,2,2,5.0,5.0,5.0,5.0,2.0,4.0,2.0,3.0,3.0,3.0,3.0,3.0,4.0,4.0,,4.0,,4.0,5.0,5.0,4.0,5.0,3.0,3.0,3.0
SV192,2,3,4,2,1,3.0,,3.0,4.0,,4.0,4.0,4.0,4.0,2.0,3.0,3.0,5.0,4.0,4.0,4.0,3.0,5.0,4.0,5.0,4.0,4.0,2.0,2.0,3.0
SV193,2,4,1,3,1,4.0,3.0,3.0,5.0,3.0,3.0,4.0,3.0,,5.0,4.0,3.0,4.0,4.0,4.0,4.0,,5.0,5.0,,4.0,3.0,4.0,3.0,3.0
SV194,1,1,1,3,2,,4.0,5.0,3.0,5.0,5.0,3.0,4.0,3.0,1.0,4.0,,1.0,5.0,4.0,5.0,,4.0,4.0,3.0,3.0,5.0,4.0,3.0,2.0
SV195,2,2,5,2,1,4.0,4.0,3.0,3.0,1.0,4.0,,4.0,3.0,3.0,2.0,5.0,2.0,3.0,3.0,4.0,5.0,3.0,5.0,3.0,3.0,3.0,3.0,2.0,3.0
SV196,2,2,3,3,1,4.0,4.0,3.0,3.0,4.0,3.0,3.0,3.0,3.0,3.0,3.0,3.0,2.0,3.0,5.0,3.0,4.0,5.0,4.0,4.0,4.0,3.0,,3.0,
SV197,1,2,2,1,1,5.0,3.0,3.0,3.0,4.0,4.0,4.0,3.0,3.0,2.0,,3.0,3.0,4.0,3.0,4.0,3.0,4.0,3.0,4.0,4.0,4.0,4.0,2.0,3.0
SV198,1,2,4,2,1,3.0,4.0,3.0,4.0,4.0,3.0,4.0,2.0,3.0,2.0,3.0,3.0,1.0,1.0,2.0,1.0,2.0,2.0,3.0,3.0,3.0,,4.0,4.0,2.0
SV199,2,1,5,1,1,,,4.0,3.0,3.0,5.0,2.0,3.0,4.0,2.0,4.0,3.0,3.0,,5.0,5.0,5.0,3.0,3.0,4.0,5.0,1.0,4.0,3.0,2.0
SV200,1,2,2,3,2,4.0,3.0,3.0,4.0,4.0,4.0,4.0,3.0,3.0,3.0,4.0,4.0,5.0,,3.0,2.0,2.0,2.0,3.0,2.0,2.0,3.0,2.0,2.0,2.0
SV201,1,1,3,3,3,4.0,5.0,3.0,5.0,2.0,4.0,5.0,4.0,4.0,4.0,4.0,5.0,4.0,2.0,4.0,4.0,1.0,3.0,,3.0,3.0,2.0,3.0,2.0,1.0
SV202,2,2,1,3,1,4.0,3.0,4.0,5.0,5.0,4.0,5.0,4.0,3.0,3.0,4.0,5.0,4.0,4.0,4.0,4.0,5.0,2.0,5.0,4.0,4.0,4.0,3.0,2.0,4.0
SV203,2,1,2,3,2,3.0,5.0,4.0,2.0,3.0,4.0,5.0,,,4.0,1.0,4.0,2.0,3.0,5.0,4.0,5.0,3.0,4.0,5.0,4.0,4.0,3.0,1.0,4.0
SV204,1,1,3,3,1,4.0,4.0,5.0,3.0,2.0,,4.0,5.0,5.0,3.0,4.0,4.0,2.0,4.0,,3.0,5.0,3.0,4.0,3.0,4.0,1.0,2.0,1.0,2.0
SV205,1,3,1,1,1,2.0,2.0,2.0,3.0,1.0,2.0,3.0,5.0,3.0,4.0,4.0,4.0,,3.0,4.0,3.0,4.0,3.0,2.0,3.0,3.0,3.0,2.0,2.0,3.0
SV206,2,2,5,3,1,3.0,4.0,4.0,4.0,3.0,4.0,3.0,4.0,4.0,3.0,3.0,,3.0,5.0,3.0,4.0,5.0,5.0,5.0,3.0,1.0,4.0,4.0,,4.0
SV207,2,2,5,2,1,4.0,4.0,3.0,1.0,2.0,3.0,5.0,4.0,4.0,4.0,2.0,2.0,3.0,4.0,3.0,5.0,4.0,3.0,3.0,4.0,4.0,3.0,3.0,3.0,4.0
SV208,2,2,2,2,1,3.0,2.0,3.0,4.0,3.0,3.0,2.0,4.0,4.0,,4.0,3.0,3.0,4.0,5.0,5.0,3.0,4.0,3.0,4.0,4.0,4.0,4.0,,4.0
SV209,1,3,2,2,1,5.0,4.0,3.0,3.0,,4.0,4.0,5.0,3.0,4.0,2.0,3.0,4.0,2.0,3.0,5.0,4.0,5.0,5.0,4.0,3.0,5.0,5.0,4.0,2.0
SV210,2,2,1,1,1,4.0,4.0,,3.0,2.0,4.0,5.0,4.0,4.0,4.0,4.0,4.0,3.0,3.0,,5.0,,,5.0,4.0,4.0,4.0,3.0,4.0,3.0
SV211,2,3,3,1,2,4.0,3.0,5.0,5.0,5.0,3.0,4.0,5.0,4.0,4.0,3.0,2.0,5.0,4.0,5.0,4.0,,5.0,5.0,4.0,4.0,4.0,5.0,3.0,4.0
SV212,1,4,1,1,1,3.0,3.0,3.0,2.0,3.0,,2.0,1.0,4.0,3.0,3.0,4.0,5.0,5.0,4.0,4.0,4.0,4.0,4.0,4.0,3.0,3.0,3.0,2.0,1.0
SV213,2,2,2,1,1,4.0,5.0,4.0,3.0,3.0,4.0,2.0,3.0,4.0,1.0,4.0,3.0,3.0,3.0,4.0,3.0,3.0,4.0,4.0,5.0,3.0,5.0,4.0,2.0,4.0
SV214,2,4,3,2,1,4.0,5.0,4.0,4.0,3.0,4.0,3.0,2.0,3.0,4.0,4.0,3.0,3.0,5.0,4.0,3.0,3.0,5.0,4.0,4.0,4.0,4.0,4.0,3.0,4.0
SV215,1,3,4,3,2,5.0,4.0,4.0,5.0,4.0,4.0,3.0,4.0,3.0,4.0,4.0,3.0,1.0,4.0,4.0,4.0,,4.0,3.0,3.0,2.0,2.0,2.0,2.0,1.0
SV216,1,1,3,2,1,,3.0,4.0,5.0,,4.0,4.0,5.0,4.0,3.0,4.0,3.0,,,,4.0,5.0,2.0,,3.0,2.0,3.0,3.0,2.0,2.0
SV217,2,2,2,2,2,5.0,4.0,3.0,4.0,4.0,3.0,3.0,2.0,3.0,2.0,2.0,2.0,4.0,4.0,3.0,3.0,4.0,3.0,4.0,2.0,4.0,3.0,3.0,1.0,
SV218,1,3,4,2,1,5.0,5.0,5.0,5.0,5.0,5.0,5.0,5.0,5.0,5.0,5.0,5.0,3.0,4.0,3.0,3.0,4.0,3.0,4.0,4.0,3.0,3.0,2.0,2.0,2.0
SV219,1,4,4,2,1,2.0,4.0,,4.0,3.0,4.0,4.0,3.0,4.0,3.0,2.0,2.0,3.0,5.0,5.0,4.0,4.0,4.0,3.0,4.0,3.0,5.0,2.0,4.0,
SV220,1,2,4,1,3,4.0,4.0,3.0,2.0,3.0,4.0,2.0,2.0,3.0,3.0,4.0,1.0,4.0,3.0,4.0,5.0,4.0,3.0,4.0,4.0,4.0,2.0,2.0,1.0,3.0
SV221,1,1,3,3,1,5.0,4.0,3.0,4.0,3.0,3.0,3.0,4.0,,4.0,3.0,,5.0,5.0,5.0,2.0,5.0,3.0,,5.0,3.0,4.0,3.0,4.0,2.0
SV222,1,2,5,1,1,3.0,4.0,4.0,3.0,3.0,3.0,2.0,3.0,2.0,5.0,3.0,4.0,4.0,4.0,3.0,4.0,3.0,5.0,3.0,5.0,4.0,3.0,3.0,3.0,1.0
SV223,2,1,2,2,1,,3.0,2.0,4.0,3.0,4.0,5.0,2.0,4.0,2.0,3.0,3.0,2.0,4.0,3.0,4.0,4.0,5.0,2.0,4.0,4.0,2.0,,2.0,1.0
SV224,1,3,5,3,3,2.0,2.0,3.0,3.0,3.0,4.0,4.0,4.0,,,3.0,,3.0,2.0,5.0,4.0,5.0,4.0,5.0,4.0,3.0,4.0,4.0,3.0,2.0
SV225,1,2,2,2,2,3.0,4.0,,4.0,3.0,4.0,4.0,5.0,5.0,2.0,,2.0,3.0,4.0,4.0,,4.0,,5.0,3.0,3.0,3.0,3.0,4.0,2.0
SV226,2,3,2,3,2,5.0,4.0,,4.0,3.0,3.0,3.0,4.0,2.0,5.0,5.0,4.0,4.0,3.0,3.0,4.0,,5.0,3.0,3.0,3.0,4.0,,4.0,3.0
SV227,1,4,3,1,3,5.0,5.0,5.0,3.0,5.0,,3.0,4.0,4.0,4.0,4.0,3.0,4.0,4.0,5.0,5.0,5.0,,5.0,5.0,5.0,4.0,5.0,3.0,2.0
SV228,2,3,3,3,1,4.0,4.0,4.0,5.0,4.0,4.0,3.0,3.0,4.0,,4.0,5.0,4.0,3.0,4.0,4.0,4.0,4.0,4.0,5.0,4.0,2.0,,3.0,
SV229,1,3,4,2,3,3.0,4.0,3.0,4.0,3.0,,4.0,4.0,2.0,5.0,3.0,3.0,5.0,3.0,2.0,4.0,4.0,,3.0,3.0,4.0,4.0,2.0,2.0,2.0
SV230,1,3,2,3,1,3.0,5.0,1.0,4.0,3.0,5.0,4.0,5.0,5.0,3.0,3.0,3.0,3.0,4.0,,5.0,4.0,5.0,5.0,5.0,3.0,4.0,,3.0,2.0
SV231,1,4,5,2,2,3.0,3.0,2.0,3.0,3.0,3.0,3.0,1.0,3.0,3.0,4.0,5.0,5.0,4.0,4.0,5.0,4.0,4.0,3.0,,3.0,4.0,3.0,2.0,2.0
SV232,2,4,2,3,1,4.0,3.0,3.0,5.0,1.0,4.0,4.0,4.0,4.0,3.0,,3.0,3.0,4.0,4.0,3.0,3.0,3.0,3.0,4.0,2.0,3.0,3.0,2.0,2.0
SV233,1,1,3,3,1,3.0,4.0,3.0,4.0,4.0,4.0,4.0,4.0,4.0,3.0,3.0,4.0,4.0,4.0,3.0,4.0,5.0,5.0,3.0,4.0,4.0,3.0,2.0,4.0,3.0
SV234,2,2,5,2,3,4.0,5.0,5.0,5.0,4.0,5.0,5.0,3.0,4.0,3.0,3.0,4.0,3.0,5.0,4.0,5.0,4.0,4.0,4.0,3.0,2.0,4.0,3.0,3.0,2.0
SV235,1,1,3,3,1,3.0,2.0,4.0,4.0,4.0,3.0,4.0,3.0,4.0,3.0,3.0,4.0,4.0,4.0,4.0,3.0,3.0,4.0,3.0,4.0,3.0,3.0,,2.0,2.0
SV236,2,4,4,2,3,,4.0,3.0,4.0,3.0,,4.0,3.0,4.0,3.0,4.0,,4.0,4.0,4.0,3.0,4.0,4.0,4.0,,4.0,3.0,4.0,2.0,
SV237,2,3,5,2,1,3.0,2.0,,,2.0,4.0,4.0,3.0,4.0,3.0,5.0,4.0,4.0,3.0,,1.0,3.0,,3.0,2.0,4.0,2.0,3.0,2.0,3.0
SV238,1,2,5,3,2,3.0,3.0,4.0,2.0,5.0,5.0,3.0,4.0,5.0,5.0,4.0,4.0,5.0,,4.0,4.0,3.0,4.0,,4.0,4.0,2.0,5.0,2.0,3.0
SV239,2,1,3,2,3,4.0,3.0,3.0,3.0,3.0,3.0,2.0,4.0,4.0,3.0,,2.0,4.0,4.0,5.0,4.0,4.0,4.0,4.0,4.0,3.0,3.0,3.0,,3.0
SV240,1,2,3,2,1,3.0,4.0,3.0,4.0,4.0,3.0,3.0,,5.0,2.0,3.0,2.0,3.0,2.0,3.0,3.0,,4.0,4.0,,3.0,3.0,4.0,2.0,2.0
SV241,1,3,1,1,3,,5.0,2.0,3.0,3.0,5.0,3.0,4.0,5.0,5.0,3.0,5.0,5.0,3.0,4.0,5.0,5.0,5.0,5.0,4.0,5.0,3.0,3.0,,3.0
SV242,1,1,3,1,2,3.0,4.0,3.0,4.0,4.0,5.0,4.0,4.0,2.0,5.0,4.0,5.0,5.0,3.0,3.0,5.0,,5.0,3.0,4.0,4.0,4.0,3.0,2.0,3.0
SV243,2,1,5,3,2,4.0,2.0,3.0,3.0,,,4.0,3.0,5.0,3.0,3.0,3.0,2.0,5.0,4.0,5.0,4.0,4.0,3.0,5.0,5.0,,3.0,3.0,2.0
SV244,2,4,3,2,1,2.0,5.0,5.0,4.0,3.0,4.0,4.0,2.0,3.0,3.0,1.0,3.0,4.0,5.0,5.0,5.0,5.0,4.0,3.0,3.0,3.0,2.0,2.0,2.0,2.0
SV245,1,3,2,2,2,5.0,5.0,5.0,5.0,4.0,3.0,,4.0,5.0,4.0,3.0,3.0,3.0,4.0,,3.0,4.0,5.0,5.0,5.0,5.0,4.0,2.0,5.0,5.0
SV246,2,1,1,1,2,3.0,3.0,2.0,3.0,2.0,4.0,5.0,4.0,,5.0,5.0,4.0,4.0,5.0,4.0,4.0,4.0,5.0,3.0,4.0,3.0,2.0,2.0,3.0,2.0
SV247,2,2,2,2,1,2.0,,2.0,3.0,2.0,4.0,2.0,4.0,3.0,5.0,5.0,5.0,5.0,,5.0,5.0,4.0,3.0,3.0,4.0,3.0,2.0,4.0,4.0,2.0
SV248,1,4,2,3,1,4.0,5.0,,5.0,4.0,4.0,5.0,4.0,,4.0,4.0,5.0,5.0,4.0,5.0,3.0,5.0,4.0,4.0,2.0,4.0,3.0,3.0,3.0,2.0
SV249,2,3,5,3,1,5.0,5.0,4.0,4.0,5.0,3.0,1.0,4.0,3.0,,4.0,3.0,2.0,3.0,3.0,3.0,5.0,4.0,3.0,4.0,4.0,,3.0,4.0,2.0
SV250,2,3,3,1,3,4.0,5.0,3.0,3.0,3.0,4.0,2.0,2.0,3.0,4.0,3.0,3.0,3.0,4.0,3.0,,,3.0,2.0,4.0,3.0,3.0,3.0,2.0,
